{"IcoMoonType":"selection","icons":[{"icon":{"paths":["M394.679 982.531c193.171-188.27 483.036-470.529 483.036-470.529s-289.865-282.259-483.036-470.529c-26.551-25.527-62.391-41.472-102.108-41.472-80.75 0-146.285 65.535-146.285 146.285v731.43c0 80.75 65.535 146.285 146.285 146.285 39.717 0 75.557-15.945 102.108-41.472z"],"attrs":[{}],"isMulticolor":false,"isMulticolor2":false,"tags":["media-play"],"grid":24},"attrs":[{}],"properties":{"order":1,"id":1,"prevSize":24,"code":59653,"name":"media-play"},"setIdx":0,"setId":0,"iconIdx":0},{"icon":{"paths":["M196 904l392-392-392-392 120-120 512 512-512 512z"],"attrs":[{}],"isMulticolor":false,"isMulticolor2":false,"tags":["keyboard_arrow_right"],"grid":24},"attrs":[{}],"properties":{"order":1,"id":2,"name":"keyboard_arrow_right","prevSize":24,"code":59648},"setIdx":0,"setId":0,"iconIdx":1},{"icon":{"paths":["M512 923.042q168.263 0 289.653-121.39t121.39-289.653-121.39-289.653-289.653-121.39-289.653 121.39-121.39 289.653 121.39 289.653 289.653 121.39zM512 0q211.531 0 361.765 150.235t150.235 361.765-150.235 361.765-361.765 150.235-361.765-150.235-150.235-361.765 150.235-361.765 361.765-150.235zM408.638 742.761v-461.521l307.681 230.761z"],"attrs":[{}],"isMulticolor":false,"isMulticolor2":false,"tags":["play_circle_outline"],"grid":24},"attrs":[{}],"properties":{"order":3,"id":3,"name":"play_circle_outline","prevSize":24,"code":59649},"setIdx":0,"setId":0,"iconIdx":2},{"icon":{"paths":["M120 828l-120-120 512-512 512 512-120 120-392-392z"],"attrs":[{}],"isMulticolor":false,"isMulticolor2":false,"tags":["keyboard_arrow_up"],"grid":24},"attrs":[{}],"properties":{"order":1,"id":4,"name":"keyboard_arrow_up","prevSize":24,"code":59650},"setIdx":0,"setId":0,"iconIdx":3},{"icon":{"paths":["M120 196l392 392 392-392 120 120-512 512-512-512z"],"attrs":[{}],"isMulticolor":false,"isMulticolor2":false,"tags":["keyboard_arrow_down"],"grid":24},"attrs":[{}],"properties":{"order":2,"id":5,"name":"keyboard_arrow_down","prevSize":24,"code":59651},"setIdx":0,"setId":0,"iconIdx":4},{"icon":{"paths":["M724.013 638.106l-0.32-0.192-2.112 1.696 3.008 0.448c0 0 129.663 326.525 102.495 373.853-53.408 40.48-282.941-179.038-312.765-208.030l0.192 1.12c0 0-257.886 257.534-317.597 211.486-35.776-25.984 94.303-384.957 94.303-384.957l0.608-0.096c-47.776-27.296-310.173-212.67-290.781-279.389 0.576-40.16 365.245-37.376 376.861-35.808 1.408-8.16 63.903-318.237 134.111-318.237 70.559 0 131.199 317.373 131.935 321.789h0.192l0.064 0.32 0.8-1.696c0 0 377.373-5.792 377.949 33.632 21.376 73.375-298.941 284.061-298.941 284.061z"],"attrs":[{}],"isMulticolor":false,"isMulticolor2":false,"tags":["star","favorite","rate"],"grid":24},"attrs":[{}],"properties":{"order":4,"id":7,"prevSize":24,"code":59652,"name":"star"},"setIdx":0,"setId":0,"iconIdx":5}],"height":1024,"metadata":{"name":"icomoon"},"preferences":{"showGlyphs":true,"showQuickUse":true,"showQuickUse2":true,"showSVGs":true,"fontPref":{"prefix":"icon-","metadata":{"fontFamily":"icomoon","majorVersion":1,"minorVersion":0},"metrics":{"emSize":1024,"baseline":6.25,"whitespace":50},"embed":false},"imagePref":{"prefix":"icon-","png":true,"useClassSelector":true,"color":0,"bgColor":16777215,"classSelector":".icon","name":"icomoon"},"historySize":50,"showCodes":true,"gridSize":16,"showGrid":true}}